{"Latitude":{"0":51.533279307,"1":51.5333139587,"2":51.5333115343,"3":51.5333622517,"4":51.5334124621,"5":51.5333643352,"6":51.5333018885,"7":51.5331373721,"8":51.5331377165,"9":51.5331882204,"10":51.5332062692,"11":51.533232977,"12":51.5332330954,"13":51.5332718937,"14":51.5333336559,"15":null,"16":null,"17":null,"18":null,"19":null,"20":null,"21":null,"22":null,"23":null,"24":null,"25":null,"26":null,"27":null,"28":null,"29":null,"30":null,"31":null,"32":null,"33":null,"34":null,"35":null,"36":null,"37":null,"38":null,"39":null},"Longitude":{"0":-0.1262990617,"1":-0.1262161159,"2":-0.1261599194,"3":-0.1260916902,"4":-0.1260293625,"5":-0.1259663771,"6":-0.1259232254,"7":-0.1261815513,"8":-0.1261365023,"9":-0.1261125224,"10":-0.1260854205,"11":-0.1260453157,"12":-0.1259854706,"13":-0.1259181653,"14":-0.125896858,"15":null,"16":null,"17":null,"18":null,"19":null,"20":null,"21":null,"22":null,"23":null,"24":null,"25":null,"26":null,"27":null,"28":null,"29":null,"30":null,"31":null,"32":null,"33":null,"34":null,"35":null,"36":null,"37":null,"38":null,"39":"two people 6ps"},"Altitude":{"0":16.4669742326,"1":16.7129042758,"2":17.0438724203,"3":17.9089128043,"4":18.9072647149,"5":18.9191770192,"6":18.8110976623,"7":16.5417183521,"8":16.5766938348,"9":16.8028540477,"10":17.0597738661,"11":17.4283360357,"12":17.7493722549,"13":18.6241685297,"14":19.3029835913,"15":null,"16":null,"17":null,"18":null,"19":null,"20":null,"21":null,"22":null,"23":null,"24":null,"25":null,"26":null,"27":null,"28":null,"29":null,"30":null,"31":null,"32":null,"33":null,"34":null,"35":null,"36":null,"37":null,"38":null,"39":null},"Identifier":{"0":"Alice","1":"Alice","2":"Alice","3":"Alice","4":"Alice","5":"Alice","6":"Alice","7":"Bob","8":"Bob","9":"Bob","10":"Bob","11":"Bob","12":"Bob","13":"Bob","14":"Bob","15":null,"16":null,"17":null,"18":null,"19":null,"20":null,"21":null,"22":null,"23":null,"24":null,"25":null,"26":null,"27":null,"28":null,"29":null,"30":null,"31":null,"32":null,"33":null,"34":null,"35":null,"36":null,"37":null,"38":null,"39":null},"Timestamp":{"0":12918.0,"1":133982.0,"2":267813.0,"3":401928.0,"4":530032.0,"5":668321.0,"6":798127.0,"7":9832.0,"8":98291.0,"9":183273.0,"10":278127.0,"11":372819.0,"12":469912.0,"13":545913.0,"14":645456.0,"15":null,"16":null,"17":null,"18":null,"19":null,"20":null,"21":null,"22":null,"23":null,"24":null,"25":null,"26":null,"27":null,"28":null,"29":null,"30":null,"31":null,"32":null,"33":null,"34":null,"35":null,"36":null,"37":null,"38":null,"39":null},"Floor label":{"0":5.0,"1":5.0,"2":6.0,"3":6.0,"4":7.0,"5":7.0,"6":7.0,"7":5.0,"8":5.0,"9":5.0,"10":6.0,"11":6.0,"12":6.0,"13":7.0,"14":8.0,"15":null,"16":null,"17":null,"18":null,"19":null,"20":null,"21":null,"22":null,"23":null,"24":null,"25":null,"26":null,"27":null,"28":null,"29":null,"30":null,"31":null,"32":null,"33":null,"34":null,"35":null,"36":null,"37":null,"38":null,"39":null},"Horizontal accuracy":{"0":21.2304,"1":19.23299,"2":18.2302031,"3":17.420123,"4":20.101393,"5":19.239023,"6":19.2301942,"7":7.92391,"8":8.218313,"9":7.3291,"10":8.2382931,"11":7.1219301,"12":6.91481,"13":6.93103,"14":8.924902,"15":null,"16":null,"17":null,"18":null,"19":null,"20":null,"21":null,"22":null,"23":null,"24":null,"25":null,"26":null,"27":null,"28":null,"29":null,"30":null,"31":null,"32":null,"33":null,"34":null,"35":null,"36":null,"37":null,"38":null,"39":null},"Vertical accuracy":{"0":3.13902,"1":4.930313,"2":4.39101,"3":3.2931,"4":4.239131,"5":3.931103,"6":3.29139193,"7":2.310931,"8":2.3283819,"9":3.8391293,"10":3.2919392,"11":2.32494132,"12":3.9201302,"13":3.293931932,"14":2.3291013,"15":null,"16":null,"17":null,"18":null,"19":null,"20":null,"21":null,"22":null,"23":null,"24":null,"25":null,"26":null,"27":null,"28":null,"29":null,"30":null,"31":null,"32":null,"33":null,"34":null,"35":null,"36":null,"37":null,"38":null,"39":null},"Confidence in location accuracy":{"0":0.6827,"1":0.6827,"2":0.6827,"3":0.6827,"4":0.6827,"5":0.6827,"6":0.6827,"7":0.6827,"8":0.6827,"9":0.6827,"10":0.6827,"11":0.6827,"12":0.6827,"13":0.6827,"14":0.6827,"15":null,"16":null,"17":null,"18":null,"19":null,"20":null,"21":null,"22":null,"23":null,"24":null,"25":null,"26":null,"27":null,"28":null,"29":null,"30":null,"31":null,"32":null,"33":null,"34":null,"35":null,"36":null,"37":null,"38":null,"39":null},"Activity":{"0":"UNKNOWN","1":"UNKNOWN","2":"UNKNOWN","3":"UNKNOWN","4":"UNKNOWN","5":"UNKNOWN","6":"UNKNOWN","7":"UNKNOWN","8":"UNKNOWN","9":"UNKNOWN","10":"UNKNOWN","11":"UNKNOWN","12":"UNKNOWN","13":"UNKNOWN","14":"UNKNOWN","15":null,"16":null,"17":null,"18":null,"19":null,"20":null,"21":null,"22":null,"23":null,"24":null,"25":null,"26":null,"27":null,"28":null,"29":null,"30":null,"31":null,"32":null,"33":null,"34":null,"35":null,"36":null,"37":null,"38":null,"39":null}}