{"Latitude":{"0":37.8123987957,"1":37.8167527687,"2":37.8195572382,"3":37.8210495324,"4":37.8221633068,"5":37.8242236854,"6":37.8244999082,"7":37.822536663,"8":37.8201992,"9":37.8185141723,"10":37.8158233197,"11":37.8123082986,"12":37.8093552086,"13":37.8052802627,"14":37.8027797915,"15":37.8017762513,"16":37.8021696794,"17":37.80322802},"Longitude":{"0":-122.3626517032,"1":-122.3559847175,"2":-122.346534098,"3":-122.3356918136,"4":-122.3237280331,"5":-122.3100224291,"6":-122.3049151361,"7":-122.3000640534,"8":-122.2967459327,"9":-122.296834465,"10":-122.2995865286,"11":-122.3036165217,"12":-122.3049218458,"13":-122.303897155,"14":-122.3007905181,"15":-122.2963583009,"16":-122.2923654482,"17":-122.2911094326},"Altitude":{"0":58.4398724664,"1":57.7555437701,"2":57.7555735308,"3":58.7539261982,"4":38.9154865847,"5":30.9105833709,"6":30.0738408099,"7":30.2838851007,"8":25.6659089131,"9":24.5408154582,"10":23.6659457449,"11":18.4833524686,"12":16.738851922,"13":15.560841378,"14":13.571063227,"15":12.7451390043,"16":8.6657023476,"17":6.1636468182},"Identifier":{"0":"Charlie","1":"Charlie","2":"Charlie","3":"Charlie","4":"Charlie","5":"Charlie","6":"Charlie","7":"Charlie","8":"Charlie","9":"Charlie","10":"Charlie","11":"Charlie","12":"Charlie","13":"Charlie","14":"Charlie","15":"Charlie","16":"Charlie","17":"Charlie"},"Timestamp":{"0":5589.0,"1":11401.0,"2":16587.0,"3":22478.0,"4":27731.0,"5":33435.0,"6":38750.0,"7":44006.0,"8":49284.0,"9":55117.0,"10":60971.0,"11":66118.0,"12":71481.0,"13":76894.0,"14":82145.0,"15":87595.0,"16":93277.0,"17":98692.0},"Floor label":{"0":null,"1":null,"2":null,"3":null,"4":null,"5":null,"6":null,"7":null,"8":null,"9":null,"10":null,"11":null,"12":null,"13":null,"14":null,"15":null,"16":null,"17":null},"Horizontal accuracy":{"0":50.16543,"1":25.36546,"2":20.44346,"3":20.18783,"4":15.1235,"5":14.27848,"6":16.123932,"7":13.12478,"8":14.12327,"9":14.12873,"10":14.8582,"11":12.40583,"12":15.28485,"13":12.48284,"14":10.28484,"15":10.27372,"16":11.1958,"17":11.84622},"Vertical accuracy":{"0":15.2345,"1":6.48738,"2":6.48285,"3":6.21373,"4":5.23723,"5":5.98438,"6":4.48284,"7":4.58394893,"8":4.233823,"9":4.238923,"10":4.5893843,"11":4.5986485,"12":4.5983483,"13":4.439434,"14":4.79795,"15":5.23884,"16":5.472732,"17":6.47284},"Confidence in location accuracy":{"0":0.6827,"1":0.6827,"2":0.6827,"3":0.6827,"4":0.6827,"5":0.6827,"6":0.6827,"7":0.6827,"8":0.6827,"9":0.6827,"10":0.6827,"11":0.6827,"12":0.6827,"13":0.6827,"14":0.6827,"15":0.6827,"16":0.6827,"17":0.6827},"Activity":{"0":"driving","1":"driving","2":"driving","3":"driving","4":"driving","5":"driving","6":"driving","7":"driving","8":"driving","9":"driving","10":"driving","11":"driving","12":"driving","13":"driving","14":"driving","15":"driving","16":"driving","17":"driving"}}