{"Latitude":{"0":51.5084307499,"1":51.5081722295,"2":51.5084026107,"3":51.5086787982,"4":51.509173576,"5":51.5095937835,"6":51.5100876719,"7":51.5105255475,"8":51.510854965,"9":51.5111606124},"Longitude":{"0":-0.0985850861,"1":-0.0985978699,"2":-0.0985120509,"3":-0.0984920497,"4":-0.0984679987,"5":-0.0984240992,"6":-0.0983794104,"7":-0.0983531343,"8":-0.0984162652,"9":-0.098394436},"Altitude":{"0":0.6581175631,"1":0.184600579,"2":1.1189009532,"3":6.8400804819,"4":6.8198559137,"5":6.8199795179,"6":7.1771071807,"7":7.141268689,"8":0.201714834,"9":0.2341160768},"Identifier":{"0":"Alice","1":"Alice","2":"Alice","3":"Alice","4":"Alice","5":"Alice","6":"Alice","7":"Alice","8":"Alice","9":"Alice"},"Timestamp":{"0":210541.0,"1":271786.0,"2":346999.0,"3":412323.0,"4":496645.0,"5":556118.0,"6":616721.0,"7":691282.0,"8":765795.0,"9":834246.0},"Floor label":{"0":null,"1":null,"2":null,"3":null,"4":null,"5":null,"6":null,"7":null,"8":null,"9":null},"Horizontal accuracy":{"0":2.3764,"1":2.8573,"2":2.9853,"3":2.55035,"4":2.98437,"5":3.292342,"6":2.45881,"7":2.443,"8":2.91781,"9":3.928974},"Vertical accuracy":{"0":5.484818,"1":5.18274,"2":5.4228294,"3":2.325053,"4":5.13931,"5":5.420242,"6":4.92494,"7":3.450505,"8":4.30202,"9":3.204045},"Confidence in location accuracy":{"0":0.6827,"1":0.6827,"2":0.6827,"3":0.6827,"4":0.6827,"5":0.6827,"6":0.6827,"7":0.6827,"8":0.6827,"9":0.6827},"Activity":{"0":"walking","1":"walking","2":"walking","3":"walking","4":"walking","5":"walking","6":"walking","7":"walking","8":"walking","9":"walking"}}