{"Latitude":{"0":27.9744586954,"1":27.9782944118,"2":27.9822500529,"3":27.9861132306,"4":27.98834053},"Longitude":{"0":86.9327615931,"1":86.9328289345,"2":86.9292212536,"3":86.9268117577,"4":86.9248104015},"Altitude":{"0":7904.9949854318,"1":8030.2356285916,"2":8418.2289597159,"3":8667.7670293757,"4":8812.0491622451},"Identifier":{"0":"Tenzing","1":"Tenzing","2":"Tenzing","3":"Tenzing","4":"Tenzing"},"Timestamp":{"0":93429.0,"1":202575.0,"2":284259.0,"3":736935.0,"4":1211279.0},"Floor label":{"0":null,"1":null,"2":null,"3":null,"4":null},"Horizontal accuracy":{"0":100.21873,"1":120.23892,"2":95.71283,"3":92.23824,"4":65.123823},"Vertical accuracy":{"0":100.23782,"1":90.12783,"2":85.23982,"3":60.23234,"4":40.47834},"Confidence in location accuracy":{"0":0.6827,"1":0.6827,"2":0.6827,"3":0.6827,"4":0.6827},"Activity":{"0":"walking","1":"walking","2":"walking","3":"walking","4":"walking"}}