{"Latitude":{"0":52.3719074578,"1":52.3714335867,"2":52.3713044567,"3":52.3711005552,"4":52.370887645,"5":52.370659271,"6":52.370364353,"7":52.3705929507},"Longitude":{"0":4.90526689,"1":4.9040985149,"2":4.903811829,"3":4.9041124109,"4":4.9042772962,"5":4.9041684242,"6":4.9045004722,"7":4.9057307985},"Altitude":{"0":-1.3981954271,"1":-1.3085335093,"2":-0.0113110066,"3":-0.4354208479,"4":0.8479994219,"5":0.7377494144,"6":0.6666057986,"7":0.6925904805},"Identifier":{"0":"Jane","1":"Jane","2":"Jane","3":"Jane","4":"Jane","5":"Jane","6":"Jane","7":"Jane"},"Timestamp":{"0":78.0,"1":5781.0,"2":12785.0,"3":17636.0,"4":23971.0,"5":29769.0,"6":34521.0,"7":40818.0},"Floor label":{"0":null,"1":null,"2":null,"3":null,"4":null,"5":null,"6":null,"7":null},"Horizontal accuracy":{"0":4.38821,"1":4.98133,"2":4.32491,"3":4.596906,"4":4.89191,"5":4.8871812,"6":4.721832,"7":4.81812},"Vertical accuracy":{"0":3.13234,"1":3.3291383,"2":3.39132933,"3":3.585938,"4":3.981873,"5":3.877172,"6":6.93301,"7":3.93011},"Confidence in location accuracy":{"0":0.6827,"1":0.6827,"2":0.6827,"3":0.6827,"4":0.6827,"5":0.6827,"6":0.6827,"7":0.6827},"Activity":{"0":"cycling","1":"cycling","2":"cycling","3":"cycling","4":"cycling","5":"cycling","6":"cycling","7":"cycling"}}