{"Latitude":{"0":40.7801713115,"1":40.7803052985,"2":40.7799997926,"3":40.7802570586,"4":40.7811879526,"5":40.782056817,"6":40.7825889223,"7":40.7823945297,"8":40.7816348557,"9":40.7804779244},"Longitude":{"0":-73.9681065889,"1":-73.9677503128,"2":-73.9670909558,"3":-73.9660506354,"4":-73.9651698768,"5":-73.9651399559,"6":-73.9657080709,"7":-73.9670961007,"8":-73.9677941891,"9":-73.967939061},"Altitude":{"0":1.1916338022,"1":0.9427296518,"2":1.0665903524,"3":2.5825253778,"4":1.0618746729,"5":1.3366409458,"6":0.337218268,"7":0.7190069602,"8":2.4826165066,"9":0.6279201731},"Identifier":{"0":"Bob","1":"Bob","2":"Bob","3":"Bob","4":"Bob","5":"Bob","6":"Bob","7":"Bob","8":"Bob","9":"Bob"},"Timestamp":{"0":30781.0,"1":60837.0,"2":91456.0,"3":130981.0,"4":160873.0,"5":193475.0,"6":217847.0,"7":246891.0,"8":278198.0,"9":318233.0},"Floor label":{"0":null,"1":null,"2":null,"3":null,"4":null,"5":null,"6":null,"7":null,"8":null,"9":null},"Horizontal accuracy":{"0":2.4949,"1":6.9182,"2":3.0201,"3":3.95858,"4":3.49491,"5":4.93492,"6":3.49872,"7":3.58629,"8":3.55881,"9":3.68891},"Vertical accuracy":{"0":4.50591,"1":4.40041,"2":4.29191,"3":2.394499,"4":2.344949,"5":2.891,"6":2.018911,"7":2.9891,"8":3.920301,"9":2.049941},"Confidence in location accuracy":{"0":0.6827,"1":0.6827,"2":0.6827,"3":0.6827,"4":0.6827,"5":0.6827,"6":0.6827,"7":0.6827,"8":0.6827,"9":0.6827},"Activity":{"0":"running","1":"running","2":"running","3":"running","4":"running","5":"running","6":"running","7":"running","8":"running","9":"running"}}